y_w,ge_timestamp,lt_timestamp
199452,788442409,789047209
199501,789047209,789652009
199502,789652009,790256809
199503,790256809,790861609
199504,790861609,791466409
199505,791466409,792071209
199506,792071209,792676009
199507,792676009,793280809
199508,793280809,793885609
199509,793885609,794490409
199510,794490409,795095209
199511,795095209,795700009
199512,795700009,796304809
199513,796304809,796909609
199514,796909609,797514409
199515,797514409,798119209
199516,798119209,798724009
199517,798724009,799328809
199518,799328809,799933609
199519,799933609,800538409
199520,800538409,801143209
199521,801143209,801748009
199522,801748009,802352809
199523,802352809,802957609
199524,802957609,803562409
199525,803562409,804167209
199526,804167209,804772009
199527,804772009,805376809
199528,805376809,805981609
199529,805981609,806586409
199530,806586409,807191209
199531,807191209,807796009
199532,807796009,808400809
199533,808400809,809005609
199534,809005609,809610409
199535,809610409,810215209
199536,810215209,810820009
199537,810820009,811424809
199538,811424809,812029609
199539,812029609,812634409
199540,812634409,813239209
199541,813239209,813844009
199542,813844009,814448809
199543,814448809,815053609
199544,815053609,815658409
199545,815658409,816263209
199546,816263209,816868009
199547,816868009,817472809
199548,817472809,818077609
199549,818077609,818682409
199550,818682409,819287209
199551,819287209,819892009
199552,819892009,820496809
199601,820496809,821101609
199602,821101609,821706409
199603,821706409,822311209
199604,822311209,822916009
199605,822916009,823520809
199606,823520809,824125609
199607,824125609,824730409
199608,824730409,825335209
199609,825335209,825940009
199610,825940009,826544809
199611,826544809,827149609
199612,827149609,827754409
199613,827754409,828359209
199614,828359209,828964009
199615,828964009,829568809
199616,829568809,830173609
199617,830173609,830778409
199618,830778409,831383209
199619,831383209,831988009
199620,831988009,832592809
199621,832592809,833197609
199622,833197609,833802409
199623,833802409,834407209
199624,834407209,835012009
199625,835012009,835616809
199626,835616809,836221609
199627,836221609,836826409
199628,836826409,837431209
199629,837431209,838036009
199630,838036009,838640809
199631,838640809,839245609
199632,839245609,839850409
199633,839850409,840455209
199634,840455209,841060009
199635,841060009,841664809
199636,841664809,842269609
199637,842269609,842874409
199638,842874409,843479209
199639,843479209,844084009
199640,844084009,844688809
199641,844688809,845293609
199642,845293609,845898409
199643,845898409,846503209
199644,846503209,847108009
199645,847108009,847712809
199646,847712809,848317609
199647,848317609,848922409
199648,848922409,849527209
199649,849527209,850132009
199650,850132009,850736809
199651,850736809,851341609
199652,851341609,852119209
199701,852119209,852551209
199702,852551209,853156009
199703,853156009,853760809
199704,853760809,854365609
199705,854365609,854970409
199706,854970409,855575209
199707,855575209,856180009
199708,856180009,856784809
199709,856784809,857389609
199710,857389609,857994409
199711,857994409,858599209
199712,858599209,859204009
199713,859204009,859808809
199714,859808809,860413609
199715,860413609,861018409
199716,861018409,861623209
199717,861623209,862228009
199718,862228009,862832809
199719,862832809,863437609
199720,863437609,864042409
199721,864042409,864647209
199722,864647209,865252009
199723,865252009,865856809
199724,865856809,866461609
199725,866461609,867066409
199726,867066409,867671209
199727,867671209,868276009
199728,868276009,868880809
199729,868880809,869485609
199730,869485609,870090409
199731,870090409,870695209
199732,870695209,871300009
199733,871300009,871904809
199734,871904809,872509609
199735,872509609,873114409
199736,873114409,873719209
199737,873719209,874324009
199738,874324009,874928809
199739,874928809,875533609
199740,875533609,876138409
199741,876138409,876743209
199742,876743209,877348009
199743,877348009,877952809
199744,877952809,878557609
199745,878557609,879162409
199746,879162409,879767209
199747,879767209,880372009
199748,880372009,880976809
199749,880976809,881581609
199750,881581609,882186409
199751,882186409,882791209
199752,882791209,883655209
199801,883655209,884000809
199802,884000809,884605609
199803,884605609,885210409
199804,885210409,885815209
199805,885815209,886420009
199806,886420009,887024809
199807,887024809,887629609
199808,887629609,888234409
199809,888234409,888839209
199810,888839209,889444009
199811,889444009,890048809
199812,890048809,890653609
199813,890653609,891258409
199814,891258409,891863209
199815,891863209,892468009
199816,892468009,893072809
199817,893072809,893677609
199818,893677609,894282409
199819,894282409,894887209
199820,894887209,895492009
199821,895492009,896096809
199822,896096809,896701609
199823,896701609,897306409
199824,897306409,897911209
199825,897911209,898516009
199826,898516009,899120809
199827,899120809,899725609
199828,899725609,900330409
199829,900330409,900935209
199830,900935209,901540009
199831,901540009,902144809
199832,902144809,902749609
199833,902749609,903354409
199834,903354409,903959209
199835,903959209,904564009
199836,904564009,905168809
199837,905168809,905773609
199838,905773609,906378409
199839,906378409,906983209
199840,906983209,907588009
199841,907588009,908192809
199842,908192809,908797609
199843,908797609,909402409
199844,909402409,910007209
199845,910007209,910612009
199846,910612009,911216809
199847,911216809,911821609
199848,911821609,912426409
199849,912426409,913031209
199850,913031209,913636009
199851,913636009,914240809
199852,914240809,914845609
199853,914845609,915450409
199901,915450409,916055209
199902,916055209,916660009
199903,916660009,917264809
199904,917264809,917869609
199905,917869609,918474409
199906,918474409,919079209
199907,919079209,919684009
199908,919684009,920288809
199909,920288809,920893609
199910,920893609,921498409
199911,921498409,922103209
199912,922103209,922708009
199913,922708009,923312809
199914,923312809,923917609
199915,923917609,924522409
199916,924522409,925127209
199917,925127209,925732009
199918,925732009,926336809
199919,926336809,926941609
199920,926941609,927546409
199921,927546409,928151209
199922,928151209,928756009
199923,928756009,929360809
199924,929360809,929965609
199925,929965609,930570409
199926,930570409,931175209
199927,931175209,931780009
199928,931780009,932384809
199929,932384809,932989609
199930,932989609,933594409
199931,933594409,934199209
199932,934199209,934804009
199933,934804009,935408809
199934,935408809,936013609
199935,936013609,936618409
199936,936618409,937223209
199937,937223209,937828009
199938,937828009,938432809
199939,938432809,939037609
199940,939037609,939642409
199941,939642409,940247209
199942,940247209,940852009
199943,940852009,941456809
199944,941456809,942061609
199945,942061609,942666409
199946,942666409,943271209
199947,943271209,943876009
199948,943876009,944480809
199949,944480809,945085609
199950,945085609,945690409
199951,945690409,946295209
199952,946295209,946900009
200001,946900009,947504809
200002,947504809,948109609
200003,948109609,948714409
200004,948714409,949319209
200005,949319209,949924009
200006,949924009,950528809
200007,950528809,951133609
200008,951133609,951738409
200009,951738409,952343209
200010,952343209,952948009
200011,952948009,953552809
200012,953552809,954157609
200013,954157609,954762409
200014,954762409,955367209
200015,955367209,955972009
200016,955972009,956576809
200017,956576809,957181609
200018,957181609,957786409
200019,957786409,958391209
200020,958391209,958996009
200021,958996009,959600809
200022,959600809,960205609
200023,960205609,960810409
200024,960810409,961415209
200025,961415209,962020009
200026,962020009,962624809
200027,962624809,963229609
200028,963229609,963834409
200029,963834409,964439209
200030,964439209,965044009
200031,965044009,965648809
200032,965648809,966253609
200033,966253609,966858409
200034,966858409,967463209
200035,967463209,968068009
200036,968068009,968672809
200037,968672809,969277609
200038,969277609,969882409
200039,969882409,970487209
200040,970487209,971092009
200041,971092009,971696809
200042,971696809,972301609
200043,972301609,972906409
200044,972906409,973511209
200045,973511209,974116009
200046,974116009,974720809
200047,974720809,975325609
200048,975325609,975930409
200049,975930409,976535209
200050,976535209,977140009
200051,977140009,977744809
200052,977744809,978349609
200101,978349609,978954409
200102,978954409,979559209
200103,979559209,980164009
200104,980164009,980768809
200105,980768809,981373609
200106,981373609,981978409
200107,981978409,982583209
200108,982583209,983188009
200109,983188009,983792809
200110,983792809,984397609
200111,984397609,985002409
200112,985002409,985607209
200113,985607209,986212009
200114,986212009,986816809
200115,986816809,987421609
200116,987421609,988026409
200117,988026409,988631209
200118,988631209,989236009
200119,989236009,989840809
200120,989840809,990445609
200121,990445609,991050409
200122,991050409,991655209
200123,991655209,992260009
200124,992260009,992864809
200125,992864809,993469609
200126,993469609,994074409
200127,994074409,994679209
200128,994679209,995284009
200129,995284009,995888809
200130,995888809,996493609
200131,996493609,997098409
200132,997098409,997703209
200133,997703209,998308009
200134,998308009,998912809
200135,998912809,999517609
200136,999517609,1000122409
200137,1000122409,1000727209
200138,1000727209,1001332009
200139,1001332009,1001936809
200140,1001936809,1002541609
200141,1002541609,1003146409
200142,1003146409,1003751209
200143,1003751209,1004356009
200144,1004356009,1004960809
200145,1004960809,1005565609
200146,1005565609,1006170409
200147,1006170409,1006775209
200148,1006775209,1007380009
200149,1007380009,1007984809
200150,1007984809,1008589609
200151,1008589609,1009194409
200152,1009194409,1009885609
200201,1009885609,1010404009
200202,1010404009,1011008809
200203,1011008809,1011613609
200204,1011613609,1012218409
200205,1012218409,1012823209
200206,1012823209,1013428009
200207,1013428009,1014032809
200208,1014032809,1014637609
200209,1014637609,1015242409
200210,1015242409,1015847209
200211,1015847209,1016452009
200212,1016452009,1017056809
200213,1017056809,1017661609
200214,1017661609,1018266409
200215,1018266409,1018871209
200216,1018871209,1019476009
200217,1019476009,1020080809
200218,1020080809,1020685609
200219,1020685609,1021290409
200220,1021290409,1021895209
200221,1021895209,1022500009
200222,1022500009,1023104809
200223,1023104809,1023709609
200224,1023709609,1024314409
200225,1024314409,1024919209
200226,1024919209,1025524009
200227,1025524009,1026128809
200228,1026128809,1026733609
200229,1026733609,1027338409
200230,1027338409,1027943209
200231,1027943209,1028548009
200232,1028548009,1029152809
200233,1029152809,1029757609
200234,1029757609,1030362409
200235,1030362409,1030967209
200236,1030967209,1031572009
200237,1031572009,1032176809
200238,1032176809,1032781609
200239,1032781609,1033386409
200240,1033386409,1033991209
200241,1033991209,1034596009
200242,1034596009,1035200809
200243,1035200809,1035805609
200244,1035805609,1036410409
200245,1036410409,1037015209
200246,1037015209,1037620009
200247,1037620009,1038224809
200248,1038224809,1038829609
200249,1038829609,1039434409
200250,1039434409,1040039209
200251,1040039209,1040644009
200252,1040644009,1041421609
200301,1041421609,1041853609
200302,1041853609,1042458409
200303,1042458409,1043063209
200304,1043063209,1043668009
200305,1043668009,1044272809
200306,1044272809,1044877609
200307,1044877609,1045482409
200308,1045482409,1046087209
200309,1046087209,1046692009
200310,1046692009,1047296809
200311,1047296809,1047901609
200312,1047901609,1048506409
200313,1048506409,1049111209
200314,1049111209,1049716009
200315,1049716009,1050320809
200316,1050320809,1050925609
200317,1050925609,1051530409
200318,1051530409,1052135209
200319,1052135209,1052740009
200320,1052740009,1053344809
200321,1053344809,1053949609
200322,1053949609,1054554409
200323,1054554409,1055159209
200324,1055159209,1055764009
200325,1055764009,1056368809
200326,1056368809,1056973609
200327,1056973609,1057578409
200328,1057578409,1058183209
200329,1058183209,1058788009
200330,1058788009,1059392809
200331,1059392809,1059997609
200332,1059997609,1060602409
200333,1060602409,1061207209
200334,1061207209,1061812009
200335,1061812009,1062416809
200336,1062416809,1063021609
200337,1063021609,1063626409
200338,1063626409,1064231209
200339,1064231209,1064836009
200340,1064836009,1065440809
200341,1065440809,1066045609
200342,1066045609,1066650409
200343,1066650409,1067255209
200344,1067255209,1067860009
200345,1067860009,1068464809
200346,1068464809,1069069609
200347,1069069609,1069674409
200348,1069674409,1070279209
200349,1070279209,1070884009
200350,1070884009,1071488809
200351,1071488809,1072093609
200352,1072093609,1072957609
200401,1072957609,1073303209
200402,1073303209,1073908009
200403,1073908009,1074512809
200404,1074512809,1075117609
200405,1075117609,1075722409
200406,1075722409,1076327209
200407,1076327209,1076932009
200408,1076932009,1077536809
200409,1077536809,1078141609
200410,1078141609,1078746409
200411,1078746409,1079351209
200412,1079351209,1079956009
200413,1079956009,1080560809
200414,1080560809,1081165609
200415,1081165609,1081770409
200416,1081770409,1082375209
200417,1082375209,1082980009
200418,1082980009,1083584809
200419,1083584809,1084189609
200420,1084189609,1084794409
200421,1084794409,1085399209
200422,1085399209,1086004009
200423,1086004009,1086608809
200424,1086608809,1087213609
200425,1087213609,1087818409
200426,1087818409,1088423209
200427,1088423209,1089028009
200428,1089028009,1089632809
200429,1089632809,1090237609
200430,1090237609,1090842409
200431,1090842409,1091447209
200432,1091447209,1092052009
200433,1092052009,1092656809
200434,1092656809,1093261609
200435,1093261609,1093866409
200436,1093866409,1094471209
200437,1094471209,1095076009
200438,1095076009,1095680809
200439,1095680809,1096285609
200440,1096285609,1096890409
200441,1096890409,1097495209
200442,1097495209,1098100009
200443,1098100009,1098704809
200444,1098704809,1099309609
200445,1099309609,1099914409
200446,1099914409,1100519209
200447,1100519209,1101124009
200448,1101124009,1101728809
200449,1101728809,1102333609
200450,1102333609,1102938409
200451,1102938409,1103543209
200452,1103543209,1104148009
200453,1104148009,1104752809
200501,1104752809,1105357609
200502,1105357609,1105962409
200503,1105962409,1106567209
200504,1106567209,1107172009
200505,1107172009,1107776809
200506,1107776809,1108381609
200507,1108381609,1108986409
200508,1108986409,1109591209
200509,1109591209,1110196009
200510,1110196009,1110800809
200511,1110800809,1111405609
200512,1111405609,1112010409
200513,1112010409,1112615209
200514,1112615209,1113220009
200515,1113220009,1113824809
200516,1113824809,1114429609
200517,1114429609,1115034409
200518,1115034409,1115639209
200519,1115639209,1116244009
200520,1116244009,1116848809
200521,1116848809,1117453609
200522,1117453609,1118058409
200523,1118058409,1118663209
200524,1118663209,1119268009
200525,1119268009,1119872809
200526,1119872809,1120477609
200527,1120477609,1121082409
200528,1121082409,1121687209
200529,1121687209,1122292009
200530,1122292009,1122896809
200531,1122896809,1123501609
200532,1123501609,1124106409
200533,1124106409,1124711209
200534,1124711209,1125316009
200535,1125316009,1125920809
200536,1125920809,1126525609
200537,1126525609,1127130409
200538,1127130409,1127735209
200539,1127735209,1128340009
200540,1128340009,1128944809
200541,1128944809,1129549609
200542,1129549609,1130154409
200543,1130154409,1130759209
200544,1130759209,1131364009
200545,1131364009,1131968809
200546,1131968809,1132573609
200547,1132573609,1133178409
200548,1133178409,1133783209
200549,1133783209,1134388009
200550,1134388009,1134992809
200551,1134992809,1135597609
200552,1135597609,1136202409
200601,1136202409,1136807209
200602,1136807209,1137412009
200603,1137412009,1138016809
200604,1138016809,1138621609
200605,1138621609,1139226409
200606,1139226409,1139831209
200607,1139831209,1140436009
200608,1140436009,1141040809
200609,1141040809,1141645609
200610,1141645609,1142250409
200611,1142250409,1142855209
200612,1142855209,1143460009
200613,1143460009,1144064809
200614,1144064809,1144669609
200615,1144669609,1145274409
200616,1145274409,1145879209
200617,1145879209,1146484009
200618,1146484009,1147088809
200619,1147088809,1147693609
200620,1147693609,1148298409
200621,1148298409,1148903209
200622,1148903209,1149508009
200623,1149508009,1150112809
200624,1150112809,1150717609
200625,1150717609,1151322409
200626,1151322409,1151927209
200627,1151927209,1152532009
200628,1152532009,1153136809
200629,1153136809,1153741609
200630,1153741609,1154346409
200631,1154346409,1154951209
200632,1154951209,1155556009
200633,1155556009,1156160809
200634,1156160809,1156765609
200635,1156765609,1157370409
200636,1157370409,1157975209
200637,1157975209,1158580009
200638,1158580009,1159184809
200639,1159184809,1159789609
200640,1159789609,1160394409
200641,1160394409,1160999209
200642,1160999209,1161604009
200643,1161604009,1162208809
200644,1162208809,1162813609
200645,1162813609,1163418409
200646,1163418409,1164023209
200647,1164023209,1164628009
200648,1164628009,1165232809
200649,1165232809,1165837609
200650,1165837609,1166442409
200651,1166442409,1167047209
200652,1167047209,1167652009
200701,1167652009,1168256809
200702,1168256809,1168861609
200703,1168861609,1169466409
200704,1169466409,1170071209
200705,1170071209,1170676009
200706,1170676009,1171280809
200707,1171280809,1171885609
200708,1171885609,1172490409
200709,1172490409,1173095209
200710,1173095209,1173700009
200711,1173700009,1174304809
200712,1174304809,1174909609
200713,1174909609,1175514409
200714,1175514409,1176119209
200715,1176119209,1176724009
200716,1176724009,1177328809
200717,1177328809,1177933609
200718,1177933609,1178538409
200719,1178538409,1179143209
200720,1179143209,1179748009
200721,1179748009,1180352809
200722,1180352809,1180957609
200723,1180957609,1181562409
200724,1181562409,1182167209
200725,1182167209,1182772009
200726,1182772009,1183376809
200727,1183376809,1183981609
200728,1183981609,1184586409
200729,1184586409,1185191209
200730,1185191209,1185796009
200731,1185796009,1186400809
200732,1186400809,1187005609
200733,1187005609,1187610409
200734,1187610409,1188215209
200735,1188215209,1188820009
200736,1188820009,1189424809
200737,1189424809,1190029609
200738,1190029609,1190634409
200739,1190634409,1191239209
200740,1191239209,1191844009
200741,1191844009,1192448809
200742,1192448809,1193053609
200743,1193053609,1193658409
200744,1193658409,1194263209
200745,1194263209,1194868009
200746,1194868009,1195472809
200747,1195472809,1196077609
200748,1196077609,1196682409
200749,1196682409,1197287209
200750,1197287209,1197892009
200751,1197892009,1198496809
200752,1198496809,1199188009
200801,1199188009,1199706409
200802,1199706409,1200311209
200803,1200311209,1200916009
200804,1200916009,1201520809
200805,1201520809,1202125609
200806,1202125609,1202730409
200807,1202730409,1203335209
200808,1203335209,1203940009
200809,1203940009,1204544809
200810,1204544809,1205149609
200811,1205149609,1205754409
200812,1205754409,1206359209
200813,1206359209,1206964009
200814,1206964009,1207568809
200815,1207568809,1208173609
200816,1208173609,1208778409
200817,1208778409,1209383209
200818,1209383209,1209988009
200819,1209988009,1210592809
200820,1210592809,1211197609
200821,1211197609,1211802409
200822,1211802409,1212407209
200823,1212407209,1213012009
200824,1213012009,1213616809
200825,1213616809,1214221609
200826,1214221609,1214826409
200827,1214826409,1215431209
200828,1215431209,1216036009
200829,1216036009,1216640809
200830,1216640809,1217245609
200831,1217245609,1217850409
200832,1217850409,1218455209
200833,1218455209,1219060009
200834,1219060009,1219664809
200835,1219664809,1220269609
200836,1220269609,1220874409
200837,1220874409,1221479209
200838,1221479209,1222084009
200839,1222084009,1222688809
200840,1222688809,1223293609
200841,1223293609,1223898409
200842,1223898409,1224503209
200843,1224503209,1225108009
200844,1225108009,1225712809
200845,1225712809,1226317609
200846,1226317609,1226922409
200847,1226922409,1227527209
200848,1227527209,1228132009
200849,1228132009,1228736809
200850,1228736809,1229341609
200851,1229341609,1229946409
200852,1229946409,1230810409
200901,1230810409,1231156009
200902,1231156009,1231760809
200903,1231760809,1232365609
200904,1232365609,1232970409
200905,1232970409,1233575209
200906,1233575209,1234180009
200907,1234180009,1234784809
200908,1234784809,1235389609
200909,1235389609,1235994409
200910,1235994409,1236599209
200911,1236599209,1237204009
200912,1237204009,1237808809
200913,1237808809,1238413609
200914,1238413609,1239018409
200915,1239018409,1239623209
200916,1239623209,1240228009
200917,1240228009,1240832809
200918,1240832809,1241437609
200919,1241437609,1242042409
200920,1242042409,1242647209
200921,1242647209,1243252009
200922,1243252009,1243856809
200923,1243856809,1244461609
200924,1244461609,1245066409
200925,1245066409,1245671209
200926,1245671209,1246276009
200927,1246276009,1246880809
200928,1246880809,1247485609
200929,1247485609,1248090409
200930,1248090409,1248695209
200931,1248695209,1249300009
200932,1249300009,1249904809
200933,1249904809,1250509609
200934,1250509609,1251114409
200935,1251114409,1251719209
200936,1251719209,1252324009
200937,1252324009,1252928809
200938,1252928809,1253533609
200939,1253533609,1254138409
200940,1254138409,1254743209
200941,1254743209,1255348009
200942,1255348009,1255952809
200943,1255952809,1256557609
200944,1256557609,1257162409
200945,1257162409,1257767209
200946,1257767209,1258372009
200947,1258372009,1258976809
200948,1258976809,1259581609
200949,1259581609,1260186409
200950,1260186409,1260791209
200951,1260791209,1261396009
200952,1261396009,1262000809
200953,1262000809,1262605609
201001,1262605609,1263210409
201002,1263210409,1263815209
201003,1263815209,1264420009
201004,1264420009,1265024809
201005,1265024809,1265629609
201006,1265629609,1266234409
201007,1266234409,1266839209
201008,1266839209,1267444009
201009,1267444009,1268048809
201010,1268048809,1268653609
201011,1268653609,1269258409
201012,1269258409,1269863209
201013,1269863209,1270468009
201014,1270468009,1271072809
201015,1271072809,1271677609
201016,1271677609,1272282409
201017,1272282409,1272887209
201018,1272887209,1273492009
201019,1273492009,1274096809
201020,1274096809,1274701609
201021,1274701609,1275306409
201022,1275306409,1275911209
201023,1275911209,1276516009
201024,1276516009,1277120809
201025,1277120809,1277725609
201026,1277725609,1278330409
201027,1278330409,1278935209
201028,1278935209,1279540009
201029,1279540009,1280144809
201030,1280144809,1280749609
201031,1280749609,1281354409
201032,1281354409,1281959209
201033,1281959209,1282564009
201034,1282564009,1283168809
201035,1283168809,1283773609
201036,1283773609,1284378409
201037,1284378409,1284983209
201038,1284983209,1285588009
201039,1285588009,1286192809
201040,1286192809,1286797609
201041,1286797609,1287402409
201042,1287402409,1288007209
201043,1288007209,1288612009
201044,1288612009,1289216809
201045,1289216809,1289821609
201046,1289821609,1290426409
201047,1290426409,1291031209
201048,1291031209,1291636009
201049,1291636009,1292240809
201050,1292240809,1292845609
201051,1292845609,1293450409
201052,1293450409,1294055209
201101,1294055209,1294660009
201102,1294660009,1295264809
201103,1295264809,1295869609
201104,1295869609,1296474409
201105,1296474409,1297079209
201106,1297079209,1297684009
201107,1297684009,1298288809
201108,1298288809,1298893609
201109,1298893609,1299498409
201110,1299498409,1300103209
201111,1300103209,1300708009
201112,1300708009,1301312809
201113,1301312809,1301917609
201114,1301917609,1302522409
201115,1302522409,1303127209
201116,1303127209,1303732009
201117,1303732009,1304336809
201118,1304336809,1304941609
201119,1304941609,1305546409
201120,1305546409,1306151209
201121,1306151209,1306756009
201122,1306756009,1307360809
201123,1307360809,1307965609
201124,1307965609,1308570409
201125,1308570409,1309175209
201126,1309175209,1309780009
201127,1309780009,1310384809
201128,1310384809,1310989609
201129,1310989609,1311594409
201130,1311594409,1312199209
201131,1312199209,1312804009
201132,1312804009,1313408809
201133,1313408809,1314013609
201134,1314013609,1314618409
201135,1314618409,1315223209
201136,1315223209,1315828009
201137,1315828009,1316432809
201138,1316432809,1317037609
201139,1317037609,1317642409
201140,1317642409,1318247209
201141,1318247209,1318852009
201142,1318852009,1319456809
201143,1319456809,1320061609
201144,1320061609,1320666409
201145,1320666409,1321271209
201146,1321271209,1321876009
201147,1321876009,1322480809
201148,1322480809,1323085609
201149,1323085609,1323690409
201150,1323690409,1324295209
201151,1324295209,1324900009
201152,1324900009,1325504809
201201,1325504809,1326109609
201202,1326109609,1326714409
201203,1326714409,1327319209
201204,1327319209,1327924009
201205,1327924009,1328528809
201206,1328528809,1329133609
201207,1329133609,1329738409
201208,1329738409,1330343209
201209,1330343209,1330948009
201210,1330948009,1331552809
201211,1331552809,1332157609
201212,1332157609,1332762409
201213,1332762409,1333367209
201214,1333367209,1333972009
201215,1333972009,1334576809
201216,1334576809,1335181609
201217,1335181609,1335786409
201218,1335786409,1336391209
201219,1336391209,1336996009
201220,1336996009,1337600809
201221,1337600809,1338205609
201222,1338205609,1338810409
201223,1338810409,1339415209
201224,1339415209,1340020009
201225,1340020009,1340624809
201226,1340624809,1341229609
201227,1341229609,1341834409
201228,1341834409,1342439209
201229,1342439209,1343044009
201230,1343044009,1343648809
201231,1343648809,1344253609
201232,1344253609,1344858409
201233,1344858409,1345463209
201234,1345463209,1346068009
201235,1346068009,1346672809
201236,1346672809,1347277609
201237,1347277609,1347882409
201238,1347882409,1348487209
201239,1348487209,1349092009
201240,1349092009,1349696809
201241,1349696809,1350301609
201242,1350301609,1350906409
201243,1350906409,1351511209
201244,1351511209,1352116009
201245,1352116009,1352720809
201246,1352720809,1353325609
201247,1353325609,1353930409
201248,1353930409,1354535209
201249,1354535209,1355140009
201250,1355140009,1355744809
201251,1355744809,1356349609
201252,1356349609,1357040809
201301,1357040809,1357559209
201302,1357559209,1358164009
201303,1358164009,1358768809
201304,1358768809,1359373609
201305,1359373609,1359978409
201306,1359978409,1360583209
201307,1360583209,1361188009
201308,1361188009,1361792809
201309,1361792809,1362397609
201310,1362397609,1363002409
201311,1363002409,1363607209
201312,1363607209,1364212009
201313,1364212009,1364816809
201314,1364816809,1365421609
201315,1365421609,1366026409
201316,1366026409,1366631209
201317,1366631209,1367236009
201318,1367236009,1367840809
201319,1367840809,1368445609
201320,1368445609,1369050409
201321,1369050409,1369655209
201322,1369655209,1370260009
201323,1370260009,1370864809
201324,1370864809,1371469609
201325,1371469609,1372074409
201326,1372074409,1372679209
201327,1372679209,1373284009
201328,1373284009,1373888809
201329,1373888809,1374493609
201330,1374493609,1375098409
201331,1375098409,1375703209
201332,1375703209,1376308009
201333,1376308009,1376912809
201334,1376912809,1377517609
201335,1377517609,1378122409
201336,1378122409,1378727209
201337,1378727209,1379332009
201338,1379332009,1379936809
201339,1379936809,1380541609
201340,1380541609,1381146409
201341,1381146409,1381751209
201342,1381751209,1382356009
201343,1382356009,1382960809
201344,1382960809,1383565609
201345,1383565609,1384170409
201346,1384170409,1384775209
201347,1384775209,1385380009
201348,1385380009,1385984809
201349,1385984809,1386589609
201350,1386589609,1387194409
201351,1387194409,1387799209
201352,1387799209,1388576809
201401,1388576809,1389008809
201402,1389008809,1389613609
201403,1389613609,1390218409
201404,1390218409,1390823209
201405,1390823209,1391428009
201406,1391428009,1392032809
201407,1392032809,1392637609
201408,1392637609,1393242409
201409,1393242409,1393847209
201410,1393847209,1394452009
201411,1394452009,1395056809
201412,1395056809,1395661609
201413,1395661609,1396266409
201414,1396266409,1396871209
201415,1396871209,1397476009
201416,1397476009,1398080809
201417,1398080809,1398685609
201418,1398685609,1399290409
201419,1399290409,1399895209
201420,1399895209,1400500009
201421,1400500009,1401104809
201422,1401104809,1401709609
201423,1401709609,1402314409
201424,1402314409,1402919209
201425,1402919209,1403524009
201426,1403524009,1404128809
201427,1404128809,1404733609
201428,1404733609,1405338409
201429,1405338409,1405943209
201430,1405943209,1406548009
201431,1406548009,1407152809
201432,1407152809,1407757609
201433,1407757609,1408362409
201434,1408362409,1408967209
201435,1408967209,1409572009
201436,1409572009,1410176809
201437,1410176809,1410781609
201438,1410781609,1411386409
201439,1411386409,1411991209
201440,1411991209,1412596009
201441,1412596009,1413200809
201442,1413200809,1413805609
201443,1413805609,1414410409
201444,1414410409,1415015209
201445,1415015209,1415620009
201446,1415620009,1416224809
201447,1416224809,1416829609
201448,1416829609,1417434409
201449,1417434409,1418039209
201450,1418039209,1418644009
201451,1418644009,1419248809
201452,1419248809,1420112809
201501,1420112809,1420458409
201502,1420458409,1421063209
201503,1421063209,1421668009
201504,1421668009,1422272809
201505,1422272809,1422877609
201506,1422877609,1423482409
201507,1423482409,1424087209
201508,1424087209,1424692009
201509,1424692009,1425296809
201510,1425296809,1425901609
201511,1425901609,1426506409
201512,1426506409,1427111209
201513,1427111209,1427716009
201514,1427716009,1428320809
201515,1428320809,1428925609
201516,1428925609,1429530409
201517,1429530409,1430135209
201518,1430135209,1430740009
201519,1430740009,1431344809
201520,1431344809,1431949609
201521,1431949609,1432554409
201522,1432554409,1433159209
201523,1433159209,1433764009
201524,1433764009,1434368809
201525,1434368809,1434973609
201526,1434973609,1435578409
201527,1435578409,1436183209
201528,1436183209,1436788009
201529,1436788009,1437392809
201530,1437392809,1437997609
201531,1437997609,1438602409
201532,1438602409,1439207209
201533,1439207209,1439812009
201534,1439812009,1440416809
201535,1440416809,1441021609
201536,1441021609,1441626409
201537,1441626409,1442231209
201538,1442231209,1442836009
201539,1442836009,1443440809
201540,1443440809,1444045609
201541,1444045609,1444650409
201542,1444650409,1445255209
201543,1445255209,1445860009
201544,1445860009,1446464809
201545,1446464809,1447069609
201546,1447069609,1447674409
201547,1447674409,1448279209
201548,1448279209,1448884009
201549,1448884009,1449488809
201550,1449488809,1450093609
201551,1450093609,1450698409
201552,1450698409,1451303209
201553,1451303209,1451908009
201601,1451908009,1452512809
201602,1452512809,1453117609
201603,1453117609,1453722409
201604,1453722409,1454327209
201605,1454327209,1454932009
201606,1454932009,1455536809
201607,1455536809,1456141609
201608,1456141609,1456746409
201609,1456746409,1457351209
201610,1457351209,1457956009
201611,1457956009,1458560809
201612,1458560809,1459165609
201613,1459165609,1459770409
201614,1459770409,1460375209
201615,1460375209,1460980009
201616,1460980009,1461584809
201617,1461584809,1462189609
201618,1462189609,1462794409
201619,1462794409,1463399209
201620,1463399209,1464004009
201621,1464004009,1464608809
201622,1464608809,1465213609
201623,1465213609,1465818409
201624,1465818409,1466423209
201625,1466423209,1467028009
201626,1467028009,1467632809
201627,1467632809,1468237609
201628,1468237609,1468842409
201629,1468842409,1469447209
201630,1469447209,1470052009
201631,1470052009,1470656809
201632,1470656809,1471261609
201633,1471261609,1471866409
201634,1471866409,1472471209
201635,1472471209,1473076009
201636,1473076009,1473680809
201637,1473680809,1474285609
201638,1474285609,1474890409
201639,1474890409,1475495209
201640,1475495209,1476100009
201641,1476100009,1476704809
201642,1476704809,1477309609
